{
  "project_info": {
    "project_number": "217773231",
    "project_id": "creative-it-park",
    "storage_bucket": "creative-it-park.appspot.com"
  },
  "client": [
    {
      "client_info": {
        "mobilesdk_app_id": "1:217773231:android:faa08b4c5162299f1d505a",
        "android_client_info": {
          "package_name": "com.creativeitpark.app"
        }
      },
      "oauth_client": [],
      "api_key": [
        {
          "current_key": "AIzaSyDM3KOLD-VulA-my5B05tPnZ0l6l-dsV3c"
        }
      ],
      "services": {
        "appinvite_service": {
          "other_platform_oauth_client": []
        }
      }
    }
  ],
  "configuration_version": "1"
}